RT @cjwallace03: So apparently @apple put MB cap on your SMS with the new update. 25mb storage before it tells you your inbox is full. What is this 2001?	negative
RT @Jewelz2611 @mashable @apple, iphones r 2 expensive. Most went w/ htc/galaxy. No customer loyalty w/phone comp..	negative
@mashable @apple, iphones r 2 expensive. Most went w/ htc/galaxy. No customer loyalty w/phone comp..	negative
THiS IS WHAT WiLL KiLL APPLE http://t.co/72Jw4z5c RiP @APPLE	negative
@apple why my tunes no go on my iPhone? iPhone lonely without them. silly #iOS5	negative
@apple needs to hurry up and release #iTunesMatch	negative
Why is  #Siri always down @apple	negative
I just need to exchange a cord at the apple store why do I have to wait for a genius? @apple	negative
"@apple AirDrop #fail - Immediate &quot;declined your request.&quot; every time"	negative
good article about why @apple fucked it all up with lion and their future. http://t.co/zNDP9Vr6 #fb	negative
RT @radlerc: Yellowgate? Some iPhone 4S Users Complain of Yellow Tint to Screen http://t.co/uaqrxTNk @apple @iphone4s	negative
Yellowgate? Some iPhone 4S Users Complain of Yellow Tint to Screen http://t.co/uaqrxTNk @apple @iphone4s	negative
The one #iphone feature still missing since @apple first showed it.. Contacts pictures on the contacts list! Simple yet 5 major updates miss	negative
Asked siri is she dreams of electric sleep. Was disappointed that she didn't have a snippy answer.  Missed opportunity @apple	negative
"@paulens It surprises me that @Apple throws up an error alert about authorizing, and there's no &quot;Authorize this computer&quot; button."	negative
@Lisa_Marie1987 shhhh. the evil sith lords @apple may hear you ha!	negative
FUCK YOU @apple DIE IN A FUCKING BLAZE INFERNO.	negative
Oh, @apple. Steve obviously had nothing to do with iPhoto, as it's the perfect opposite of 'insanely great'. Get it fixed, please.	negative
OMG @apple WHY THE FUCK DID YOU DELETE ALL MY MUSIC YOU DICKS	negative
"@ryanbaldwin @apple So in iTunes I go Store -&gt; Authoriseâ€¦ why doesn't it just auto-authorise it when I sign into iTunes? Grrrr..."	negative
"Seriously - I have absolutely no offing clue what @Apple means by &quot;authorization&quot;, nor how to do it."	negative
"Boy, could @apple make it any harder to put my purchased music from the cloud on to my new macbook pro? &quot;You must authorize this computerâ€¦&quot;"	negative
shit, shit, shit. IOS5 update ate all my apps, data and media just like @apple said it would. This is going to take some time to rebuild.	negative
". @apple &amp; @AT&amp;T u cannot tell me there isn't at least 1 64GB iPhone 4S in LA or Vegas!! Give me a fucking break!!!!"	negative
Love @apple downloads. 4 hours and i-pad now wonky! #ripstevejobs #thenonsensepersists #neednewipadguide #fatfuckingchance	negative
Dear @apple My new Air is now a notbook since your update killed #wifi #bug #destroying #productivity	negative
I am so done with @Att and @apple 's profitering and lack of customer service, so fucking down with both!!!	negative
It would be great If @Apple would send my new phone. #frustrated	negative
@apple thank you for ruining my 3GS with #iOS5. You've just turned my phone into an utterly useless pile of shit.	negative
@O2 @iphone4s @apple"	negative
So apparently @apple put MB cap on your SMS with the new update. 25mb storage before it tells you your inbox is full. What is this 2001?	negative
You know @apple It's been almost a week since I paid for iTunes Match, I would really like to use it. Any ETA on a fix?	negative
removing all @apple shit.	negative
So @PhoenixSwinger 's iPhone 4 is giving her a hella hard time w/ the iOS5 update @apple	negative
What??? I that sucks hello @apple RT @PhoneDog_Aaron Interesting note - DROID RAZR's battery isn't removable.	negative
@Apple can't send me an iPhone preordered 1hr after launching but they cans send 5 or 10 to all the jackasses who want to shoot or blend 'em	negative
Gotta say the @Apple itouch iphone shuffle etc.. sound quality is AWFUL.. painfully crap. Its been a downgrade from @Sony sound quality wise	negative
@bisquiat @Apple the upgrade just slows down my phone so much, it's stuck half the time. uch. thankfully no other damage. sucks for you :(	negative
@Mayati I think @Apple didn't do such a thorough job with the step x steps for upgrade and move to iCloud. Now it's cost me mightily.	negative
Hey @apple now I have iOS5 my iPhone doesn't include songs that are on compilation albums under the artist's name. #whaddupwitdat	negative
@NickTheFNicon He can send but not rcve txts so he has an apt @apple at 4pm.Then he exclaims: And I waited a whole YEAR for this phone!!LMAO	negative
Total chaos at @apple store regent street. Like an Ethiopian feeding station. Can't believe this is same co. that makes all that cool shit.	negative
@FishMama: If you made a purchase, just wait for the @apple survey! hate going b/c of the bad #custserv	negative
"Correction: @ Best Buy kudos to Chris @ Alamo Ranch S.A. TX-fixed issues couldn't resolve after 1/2 day w/ @ATT &amp; @Apple. Hero of my day!"	negative
"@phxguy88 @Apple @BGR That's why all the ppl who stand in line for hrs to get the &quot;newest&quot; model are suckers..."	negative
Would it kill @apple to put a braille type bump on their earbuds so we know which bud is R and L in the dark.	negative
@APPLE Wow @MOTOROLA Just crushed your dreams....	negative
Time to play a game called wait at the @apple store forever because the tourists are taking forever with their genius appointments.	negative
"RT @phxguy88: Oh, just fuck you, @apple. Already?? ---&gt;  iPhone 5 on schedule for summer launch? http://t.co/Ofh9PTaG via @BGR"	negative
"Oh, just fuck you, @apple. Already?? ---&gt;  iPhone 5 on schedule for summer launch? http://t.co/Ofh9PTaG via @BGR"	negative
@Apple you need to make it easier for people to know what songs that have downloaded from iTunes:  http://t.co/8iAaraLR	negative
No, I won't wait until thursday for an available appointment just so a 'genius' can tell me I'm shit out of luck. #now"	negative
WTF?!?! @apple the new iOS 5 doesn't allow you NOT to get push notifications from newstand? and SIRI just keeps yapping FUCK!	negative
@Apple, on the #iPad with #iOS5, why has the Messages Icon been included when it can't be used?	negative
"@Steelo254 yea! I pre-order through @apple and they sorry too just like #AT&amp;T"	negative
Interesting... @apple now requires you to have a reservation ?         #apple #iphone #4S    :  http://t.co/zZK4fTii	negative
@apple why is my iPhone battery so crappy #fail	negative
My @Apple @macbook keyboard will not type :(	negative
@lynnwi I wish. @apple isn't known for giving users options besides blue or grayâ€¦..	negative
@Apple has THE WORST customer tech support. EVER.	negative
Why doesn't @apple iCloud sync Stickies? They've always been around, just nothing every progressed w/ them!! Why apple why?  @gruber	negative
"@apple, your new &quot;Save a Version&quot; function in Pages is absolutely the most awful, interrupting, counter-intuitive piece of crap in the world"	negative
Dear @Apple, I should not have to hack my 10.7 Lion Mac to make it useable:   http://t.co/6cQsL4qw	negative
I hate my @apple computer.  Thats 3500 dollars down the drain.	negative
Anyone else angry because @apple pulled everyone's access to the Siri App just so they could make it exclusive to the new iPhone 4S? RT THIS	negative
@apple my iPhone is charging very slowly!!!!!	negative
@Apple #iOS5 gm on ipad1 is very slow wash better on beta7/8 solve this problem, or give me the ipad2	negative
@apple Wish I could pick month, day, and YEAR when setting a new calendar item on my iPhone. Why hasn't the new iOS fixed this yet?!	negative
9 apps in the AppStore New section aren't new just updated. There should be a rule against that. Also, why is @apple's POS apps always first	negative
sorry to say @apple But Your new Iphone IOS5 update Sucks a Fatty!!!!!!!!!!!!!!!!!! #SmokingPoleSucking	negative
@Apple iTunes is the worst program ever. For such a great phone, you make some awful software.	negative
One would think the voice recognition on the @apple tech support line would work a little better.	negative
@apple $319 to repair my iPad 2, Apple you've lost me and my $700 a year, Android here I come!	negative
So I updated my #iphone last night. It took over six hours and the majority of my apps didn't transfer. Thanks @apple	negative
@azee1v1 @apple @umber Proper consolidation, proper syncing, stop losing my PURCHASED items, checkboxes that do what you think they will do.	negative
@AsimRang @apple @umber the desktop app is wack though	negative
I made a reservation and yet I still have to wait in line. Humpt! Oh @apple (@ Apple Store w/ 2 others) http://t.co/JZmVBdNm	negative
@Apple, In #iOS5, why I can't put the Newstand app in a folder? Very annoying. #iPhone	negative
the new @apple ios deleted at least half my apps. not cool.	negative
Frustrated that I bought a new macbook pro from @apple only to find it doesnt ship with media! #expensivepaperweight	negative
Dear @apple. I had to turn off all those awesome featured you just enabled. Data plan can't handle it. 200 mb of data just because #	negative
#DontBeMadAtMeBecause #Android is by far better than @Apple	negative
@apple is there a problem with iOS 5 that is preventing audio apps and audio functions from operating properly? I keep losing sound.	negative
@apple #apple One thing I hater about this #mouse the #buttery finish so fast am not #happy now #macworld @macworld http://t.co/5Uh4a4Vt	negative
Hey @Apple: stop sending your automatically-depreciate-all-iPhones-older-than-the-4s signal. My #iPhone4 is dying rapidly processor-wise.	negative
Upgrded MacbookAir to 10.7.2, iPhone to iOS5. Now iPhoto doesn't open + iPhone apps r missing. Very buggy upgrades. @apple #applefail #fail	negative
Only thing bad about the new @canon camera is that it has two compact flash cards... not one of SD. SD goes in my @apple computer. Damn you!	negative
"Wtf @apple 64 pages for the new terms &amp; conditions when u update ur apps from the iTunes store. Do u really think we'll read em? Really???"	negative
fuck u @apple	negative
oh and prolly ganna be late to work bc @apple has screwed me and my phone has my only alarm on it	negative
why the fuck dose my phone decide its just ganna freeze every time i try to update it so fucking sick of @apple	negative
. if u need me just text me o wait u i wont get it cuz @apple fucks me every time #fuckingpissed	negative
iMessage doesn't show the time a message was sent, annoying @apple	negative
Like @apple da fuck is this shit?  http://t.co/nb4DHlSg	negative
RT @CircusTK: I'm wit chu!! â€œ@ShayDiddy: Officially boycotting @ups!!! Calling @apple to curse them out next for using them wasting my time!â€	negative
Damn it @Apple!! Whatchu done to my phone??	negative
Patent war intensifies with injunction sought against @Apple http://t.co/QmwjTvnk"	negative
iWish @apple would add an expandable memory slot.... I'm sorta in need of one. http://t.co/LL4r5mU4	negative
@apple, why is it every time there is iOS software update my iPad goes dead and I need to totally restore? #fail	negative
@apple #iOS.5 has been nothing but a pain in the ass no room for my music.. Or photos.. Or apps! Can I undo this garbage??	negative
@apple the reservation system not working, shows no products avail let alone iphone 4s I had the site open in 3 browsers at 9 PM and nothing	negative
"RT @RedDeerSteph: @Joelplane @apple I hear you! I've had trouble with my 3 &amp; now 4. I've even turned down brightness. #andshuttingdownrunningprograms #nohelp"	negative
"@Joelplane @apple I hear you! I've had trouble with my 3 &amp; now 4. I've even turned down brightness. #andshuttingdownrunningprograms #nohelp"	negative
@albertmal88 remember @apple is evil. #icloud entering the #dropbox market	negative
I know a few others having same issue RT @Joelplane: 9% now on my second full charge of the day. Pissed @Apple	negative
9% now on my second full charge of the day. Pissed @Apple	negative
My #iPhone4S battery is dying like crazy @Apple!!	negative
RT @ShayDiddy: @CircusTK @ups @apple both of them are bs!!! How do u tell me go between a certain time ONLY and the muh fuh is closed!	negative
I'm wit chu!! â€œ@ShayDiddy: Officially boycotting @ups!!! Calling @apple to curse them out next for using them wasting my time!â€	negative
ugh! @apple, youâ€™re reservation page for the iPhone is NOT working.	negative
iTunes is @apple's worst product. Worse than the #Newton or the hockey puck mouse. It's utterly painful to use.	negative
DeÃ¡r iCloud I HATE U , AND I HOPE YOU DIE , YOU ARE THE WORST FUCKING INVENTION IN THE WORLD , FUCK YOUUUUUUUUUUUU #iCloud @apple @stevejobs	negative
i update to ios 5 and lose everything on my phone and it wont let me sign into my itunes account... thanks @Apple	negative
Suddenly lost all address book on @3GS iPhone. And someone was using my @Apple ID. It all fucked up.	negative
oh.. my iphone is overcapacity huh?! -____-  @Apple won't let me be great!!!	negative
Issues with updating iTunes on my windows pc - they really are not compatible.... Sent more time talking to @Apple care than using it!!	negative
@apple u guys are gay	negative
Restored my iPhone. STILL NO TEXTS. DEAR @APPLE Y NO LOVE, Y RESTRICTIONS ON MY SMS?  Y NO TEXTS.... #iOS5 #iOS5atemydingo	negative
none of my apps work after the new ios from @apple. what do i do?!?	negative
Seemingly endless loop of calls to @apple, @ups, @verizonwireless to investigate my missing #iphone4s. #crankywithnophone	negative
@Wisconsin_Mommy @apple that's terrible!  I hope you get an apology!	negative
@zombiebomber have been on the phone with @verizonwireless and @apple pretty much ever since then. Really annoyed.	negative
"@chascouponmom @apple I get they are busy w/ the new phone, but I just wanted to buy a stylus. they made me wait forever outside &amp; never"	negative
@apple @iphone Please deliver my daughter's i4s, she is driving me nuts #iphone	negative
I'm givin' this stupid @apple reserve system 2daysâ€¦ If I cant get reservation, I'll never buy any Apple productsâ€¦ (yup I hate contracts)	negative
@sprint @bestbuy still no word on my iPhone4s preorder.  Best Buy blames Sprint, Sprint blames @apple, I just want an honest answer.  #help	negative
Hey @apple, the SMS full message is complete shit. Yes, I'm annoyed.	negative
Have never had such poor customer service at @Apple before! What happened? (@ Apple Store w/ 2 others) http://t.co/GKlXMUi6	negative
After the new @apple iPhone update my apps are all a mess... Can't event tweet god... My draft is full of messages aghhhhhhhh	negative
@Apple your service experience is really fucking slipping (except for cute, eyelash batting girlies). (@ Apple Store) http://t.co/dOHDEnMg	negative
Had ma Ipas not 24 hours an I jailbroke it...now its SHAGGED itunes won't letme restore it @apple SYM!!!!	negative
Ugh there are so many people here at the apple store.  @apple can you be more efficient? Please.	negative
@hailfire101 @Irvysan They are... then @apple happened and snatched Siri so they could be douchebags and say 'it's ours!'	negative
What was @apple thinking making #Siri totally dependent on a network connection? Siri + @ATT = utter frustration.	negative
Wow the Genius Bar Reservation Line @Apple is ridic right now - ___- I am not amused. #ugh	negative
@apple iPhone 4S robo-brain Siri doesnâ€™t play well outside the U.S. http://t.co/LYppovGb	negative
@apple"	negative
@apple battery life suck on iOS 5	negative
An apple update has seemed to render my work machine incapable of opening HDV video. Thanks @Apple. Zero useful productivity today.	negative
@apple I committed to your cloud storage iDisk and now it's raining :-( so soon no more iDisk.  Any plans for a new service for storage?	negative
Also why can't I login to the iCloud webpage to modify sharing from my phone?"	negative
Seriously PISSED at @apple just got a notification that our order for my iPhone 4S has been cancelled and won't ship. Wtf!?	negative
"@apple HEY OS 5 Really sux!!! Ur &quot;Tech Support&quot; sux!!  Thanks for all you do!!!"	negative
Apparently fuzzball crashes on #iOS5. Congratulations @apple on another incompatible upgrade	negative
could @apple lion please integrate vertical spaces in mission control. this horizontal business is making me nauseous	negative
Can someone plz explain to me whhyy @apple is only distributing 2-3 phones per day to the sprint stores. I'm really ... http://t.co/uf9taK8f	negative
@apple really disappointed with all the glitching with ios5 #whatthehell	negative
GAH. @apple iOS 5 opens text messages painfully slow, on top of 3 restore attempts 2 succeed. Early adopterness gets better of me.	negative
Dear @apple: Why did all my PDFs and ePub files disappear from ibooks in my iPhone post ios5 upgrade? This hurts. #3GS #needsomethingtoread	negative
"â€œ@CBM: Lies @apple. the battery on this new iPhone4S is definitely not any better.â€ &lt;&lt; check Settings: 8 times more App usage in iOS 5"	negative
As a huge podcast fan - I really feel like @Apple dropped the ball on this one. http://t.co/wvzPrbCI via @Carrypad	negative
I don't really like Siri's voice. Perhaps @apple can get Star Wars voices just like @garmin http://t.co/pSUJg9pN	negative
â€œ@carlton858: I really hate dealing with the brain dead people at the @apple store. For such good products, customer service sucks.â€ in NZ?	negative
I really hate dealing with the brain dead people at the @apple store. For such good products, customer service sucks.	negative
You can make photo albums in the Photos app with iOS 5, but can't password protect them? Um... @apple, fix that. Quickly.	negative
Anyone else seeing missing signal bars on their #iPhone 3GS with an upgrade to #iOS5? cc/ @applecanada @apple @forstall	negative
Truth. RT@hanrahan52 Dear @apple you SUCK! Thanks that is all	negative
Dear @apple you SUCK! Thanks that is all	negative
RT @CBM: Lies @apple. the battery on this new iPhone4S is definitely not any better.	negative
Updating to IOS5 with my regular iphone4 just made it slower and messed up.. @apple give me a free 4S and we can call it even, thanks	negative
"@apple If you want to know what customers think dont send updates with the &quot;noreply&quot; return address. Who invented that anyway. #useless"	negative
Attempting to download @Apple #Lion.... slow process...	negative
my #siri is not working! its driving me crazy! it says it cant connect to the network. It doesnt make sense because I can use safari @apple	negative
"Every time I try the voice control on my iPod Touch to send an iMessage, it starts playing &quot;Who Knew&quot; by Pink.  Still not Flawless @Apple"	negative
should be studying/ doing work but no I'm hold with @apple HURRY THE FUCK UP! #nopatience	negative
Ok Hindi keyboard in #iOS5 is something to cheer about.  But @apple  what about  support for 20+ missing Indian languages!? #FAIL	negative
RT @ScottDugas: Warning: if iphone apps spontaneously loose data, it might not be the app's fault - http://t.co/1SEsvWwm #ios5downgrade @apple @marcoarment	negative
@betweensundays Ah! Yeah...should be an option...hopefully @apple figures that out. Thx	negative
"&quot;Waiting for items to copy&quot; in Itunes after everything DID copy goes on, and on, and on.  Come on @Apple, what the hell?"	negative
@Apple unhappy again with service/product quality. Won't buy @Apple again.	negative
Lies @apple. the battery on this new iPhone4S is definitely not any better.	negative
"â€œ@philipgrey: dear @apple, why you gotta go change the way &lt;input type=&quot;number&quot;&gt; is handled out of the blue?â€"	negative
Waiting in a ridiculous line at @apple in southpointe with @Consumatory . Where the Fuck are the comment cards?	negative
Been on hold with @apple customer service for 25 minutes. Wow, lt's like they're #timewarnercable.	negative
anyone else stuck in duped calendar/mail/battery sucking @apple hell? #iCloud and #OSX Lion are a disappointment	negative
For being the inventor of the computer mouse â€” Why is it that @Apple has never made one that is not a complete piece of fucking shit?!!?	negative
@Apple you're killing me. Excited about iOS5 no longer- tragic battery drain, genius bar wants to replace the battery. Really?	negative
"1st impressions  of #iOS5- Disappointed w upgrade restore. Lot of apps &amp; folders missing @apple do  how much time went in2 orging it? #fail"	negative
@PrJusto Don't question the @Apple they will remember your dissent!	negative
"@apple: Multiple times siri is &quot;having trouble connecting to the network.&quot;  Siri needs servers (and some exercise!)"	negative
So my iMessage still isn't working! @apple	negative
RT @JimMcNiel: if @apple does not resolve the #Siri network issues they will need to rename a great product to Sorri - Who else is having issues?	negative
"dear @apple, why you gotta go change the way &lt;input type=&quot;number&quot;&gt; is handled out of the blue?"	negative
Ugh. WTF is up with all the bottlenecks @paypal @apple?	negative
So incredibly frustrated with @apple right now. iOS update is a major fail 	negative
+1  RT @Doug_Newton: @apple PLEASE FIX #Siri!!!! She can't connect to your network!!!!!!!	negative
@apple PLEASE FIX #Siri!!!! She can't connect to your network!!!!!!!	negative
if @apple does not resolve the #Siri network issues they will need to rename a great product to Sorri - Who else is having issues?	negative
any chance @apple will release good headphones that dont blast music outside the ears? #iphone #ipod its quite obnoxious	negative
"@Apple - #Siri is not working due to &quot;network problem&quot;? Seriously? Can you fix this? #iPhone4s #Fail"	negative
@trisha_ps @iCloud is Cloudy. @apple tech, not very techy.	negative
@electricsoup It has to connect to @Apple to process commands, which it is failing to do right now	negative
See @Apple, that what's happen when you release iPhone 4S with same crappy design as the old phone!	negative
This. RT @bonkoif Looks like @Apple did not appropriately project the resources needed for Siri. Not very reliable	negative
Looks like @Apple did not appropriately project the resources needed for Siri. Not very reliable	negative
"Spoke to an @Apple rep on phone &amp; could hear her tv blaring in the bg.  She said, &quot;I can't actually help u, just direct u back to the web&quot;"	negative
What's wrong with Siri today @apple	negative
@Apple Siri is down!	negative
I'm suspecting @Apple timed the health-decline of my iPhone 4 perfectly with the iPhone 4s release... My battery is seriously ailing.	negative
on hold for another half hour. phone is ringing but no one is picking up.@apple you stink.	negative
#annoyed"	negative
@Apple would do better to inform customers properly about migrating to #iCloud - many complaints lead to #image damage http://t.co/QL7zmPpO	negative
@apple does iOS 5 rape your battery life? or am I just using my phone a lot since getting it	negative
#itjustworks"	negative
"@Verge @apple Do you know strange bug in iMessage - no &quot;@&quot; key to start  new conversation with AppleID like iPod user! :("	negative
@samsung, @apple, you do realise you're just really pissing off the customer base AS WELL AS looking petty.	negative
@Apple - why do I have to have apps I am updating in their original 'folder' location? That was painful.	negative
@apple domain fail. Open 2 hrs late for walk in ppl. Store was empty and i only need a skin 4 my screen. You represent customer service FAIL	negative
@BrianMincey @apple the chipsets tear through battery life. Coworker has a htc thunderbolt that he gets about 3 hours of life.	negative
I wish the Apple updater would stop trying to ram iTunes down my throat. I don't own a pissing iPhone @apple	negative
Is it me or does my #iPhone run slower since the #iOS 5 update? @apple @Verizon	negative
Just searching with my voice on my 2 year old nexus one @apple.	negative
@apple, your update server has been timing out for a week. i had to force a restore w/the new #iOS5 software. lost all my stuff. thanks!	negative
#Replaceit!"	negative
Thanks to a 90 minute wait on hold, half an hour actually talking to someone, the @Apple tech decides to send me an email to fix my phone	negative
I am very upset about and inconvenienced by this iphone update failed backup. @iphone @apple	negative
I am very upset and inconvenienced about this iphone update failed backup. @iphone @apple	negative
but seriously @apple finance me a damn phone you greedy bastards! OR Santa...get your jolly ass in gear and get us a 4S - white plz	negative
My schedule is 2 busy 2 spend UNquality time with @ATT @Apple 2 recover Iphone again-The mo' mobile I get the mo' immobile I is. Sync Not!	negative
Pondering the iOS update... From the sounds of @MikeFerri's difficulties, I may just hold off :/ @Apple, FIX IT!	negative
@parkavekev @apple @forstall Smh at the battery	negative
"What are some COMFORTABLE in-ear headphones with remote &amp; mic? The ones @apple supply hurt my ears after wearing for 5mins..."	negative
iPhone software update erased all my pictures :( ughh I hate when that happens wth @Apple	negative
@twalve @apple you know the issues they have with DST and alarms :p	negative
Why book @Apple Genius Bar if after 2.5 hours you still can't be served. Disappointing Apple Store Sydney. #thanksfornothing	negative
"Apparently @Apple genius training doesn't extend to clocks &amp; service. They're half an hour late for my appointment and couldn't let me know?"	negative
Thanks @apple for an OS update that has only succesfully bricked my iPod.	negative
fuck this see you hoes @ work @WeakTwip @Munnns and FUCK YOU @APPLE	negative
screw you @apple iOS 5. I can't download this crap, and I'm tired of trying. Get this problem figured out about my connection timing out	negative
Wow. iCloud's mail is down. 1st the iOS 5 upgrade issues and now this. I really hope this isn't @apple without Steve Jobs.	negative
@apple  why don't you guys test your upgrades before you put them out. 15 1/2 hrs u guys wasted of my time yesterday. Thanks.	negative
Hey @apple what is going on with @iCloud? #iCloud is failing big time!!!	negative
@Apple Your new Mac update for iCloud has been working very poorly on my 4 gb late 2011 macbook pro. I restarted and everything.	negative
what is going on with all my @Apple products?! First my #iPad freezes (still is frozen) and then my #iPhone won't turn on!!! #techieTroubles	negative
@apple sux without steve"	negative
2nd @apple genius apptment running late 2nd day in row for 2nd dodgy iPod . You make mega $$$ hire some staff.	negative
It took @apple about 7 years just to figure out how to properly syncronize an iPhone.  WOW!  #ios5	negative
@apple So I went to the 5th Ave store and was told I could wait about 4 hours to get a 4S. Needless to say I'm back at the hotel relaxing.	negative
"Overall I am a fan of the iPhone 4S; however, my Siri has issues connecting to the network @Apple"	negative
Terrible customer service at Los Gatos @Apple! Why do I have to pay $199 for a bad home button on my iPhone?!?	negative
@Apple thank you for sucking so much. I cannot believe you would sell something online that isn't made	negative
Having major battery drain issue since updating iPhone 4 to iOS 5.  Anyone else? @AppStore @iPhone @apple	negative
Dear @apple please send me my Mac Book back surely the repair is done by now... Thanks!	negative
Absolutely despise that @apple took the zoom feature off the camera on #ios5. Wish I hadn't upgraded. #iPhone totally sucks!!!	negative
@Apple why my new iMac is so slow for web browsing? My previous Snow MB was faster! on the same Cable home network. Please help.	negative
@apple thanks for ios5 - loving having my music breaking up like I'm talking on a mobile (cell) phone. Bring back functional 4 #iosdonwgrade	negative
"@Apple, #iOS5 on iPhone2 causes Camera apperature dilation problems &amp; freeze."	negative
@Apple, #iOS5 #geolocation Suburbs with 2 words drops Map Pins in other States! Please fix.	negative
Sorry @apple, but #iMessage will never be what #BBM is. Disappointed.	negative
Iphone 4s siri doesn't work for shit @apple	negative
Clarence Thomas must have designed the new OSX lion, tossing decades of workflow standards, @apple bring back â€œsave asâ€! #autoSaveSucks	negative
i officially HATE @apple... fix your damn itunes.	negative
"Dear @apple your staff at the Little Rock store answered my first 3 questions with &quot;I don't know.&quot; they weren't hard questions."	negative
@semilshah yeah except that when you ask for a receipt, it takes them 30 minutes to figure out where it printed out. Fix that, @Apple!	negative
RT @JDougyJ: hey @apple do you wanna fix my fucking playlist order, you piece of shit	negative
"Bummer!  My @Yahoo! iPad fantasy football app keeps crashing; not sure if it's the app or the new @apple iOS 5. Only two apps running."	negative
@Apple can suck my dick gotta restore my ipad #annoyed	negative
The line at the @apple is just STUPID	negative
@nansen Man, that sux! @apple io5 upgrade a total #fail for you!	negative
RT @nansen: warning @apple iphone friends. I updated to iOS5 and thought i loved it. Now cant send SMS. total #fail with restore. phone freezes!	negative
Dear @Apple Contacts, you are terrible. I just cleaned duplicates for 3 hours and they magically reappeared. Fix it.	negative
Is it too much to ask which app is incompatible, @apple? http://t.co/yKqip7nk	negative
Pissed with whoever designs keyboards with @apple for not having a home and end key.  working on the CLI i use those keys often	negative
@NoVaTyler @apple Most of mine are gone too! Not recovered after I saved them b4 I upgraded my iPhone! Soooo pissed!	negative
hey @apple do you wanna fix my fucking playlist order, you piece of shit	negative
Siri is having a hard time remembering who my sister is. contact card needs space for family info. #iPhone4S @apple	negative
#ios5 getting sloppy @apple. U need to check your QA team. Too many issues with apps, data and syncing	negative
RT @nansen: so this SMS full message is known @apple issue with new iOS5 update. trying restore. When all else #fail - restore.	negative
So glad that I paid $69 for this @apple care protection plan.  Been on hold for over 20 minutes now.  Great customer service. #NOT	negative
not happy with @apple right now. the upgrade to my itouch4 took out my itouch and laptop. #help	negative
All I can say about @Apple right now is #GoodRiddance â€” See? Cancer isn't ALL BAD!	negative
@twitter can you look at problem on iPad where it won't open @ messages. It just crashes the app. You too @apple maybe your fault.	negative
@apple What's the point of iCloud wireless updates when ios5 now forces me to use the computer to charge my ipod touch now? #worstupdateever	negative
Having a problem with my iPhone. I can't make/receive calls/text but I can surf the net. Anyone knows what to do? @apple	negative
@robert_terpstra no worries bud, ps: they're saying that the 4s is having a lot of network issues right now. (I'm @apple for mac problems)	negative
I hate you @apple for not sending Toledo,oh @bestbuy any @iPhone for @verizon even after I pre ordered!!!	negative
@pmphillips @apple If my non-Apple equipment broke this often, I guess I'd need an Asus genius bar. But it doesn't, so I don't :-)	negative
Why is the new @apple iPhone OS duplicating all my iCal events? There's 2 of everything. How do I fix it? (tried turning iCloud off)	negative
Dear @Apple, how convenient/handy/thoughtful/smart that after iPhone #ios5 update you're apps won't work anymore! (none!!!) :( #gr%\\mbl^.%)	negative
"RT @TakeF_Light: Hey @Apple...I know Steve Jobs died &amp; all but my Twitter for iPad app keeps crashing...Fix it...NOW..please..lol -F.Light"	negative
"Hey @Apple...I know Steve Jobs died &amp; all but my Twitter for iPad app keeps crashing...Fix it...NOW..please..lol -F.Light"	negative
@apple not happy with Apple today. I did the suggested software update and now nothing works!!!	negative
Smashed yet another #iPhone screen. When are @apple gonna make the phone more durable!!! Tired of fixing it myself!!!	negative
"Upgraded my iphone software &amp; now the phone is useless. @Apple is telling me I can't even talk to someone about it until 10/21. Unacceptable"	negative
IOS5 has one problem, when i save someone in my contacts they don't show his nam becuz of the region/ +965 @apple #apple	negative
I sure as hell better be able to restore my calendar events. Terrible bug apple! @apple #icloud #anothericloudfail	negative
Dear @Apple.inc Facetime doesn't work in here, Fuck You	negative
I really hate that @apple won't let you hide the Newsstand app or move it into a folder. It serves no purpose for me.	negative
Life was much easier when @apple and @BlackBerry were just fruits!	negative
@apple No location reminders on ipad2! That was the point of updating to iOS 5	negative
Comparing @Office #live with @google #apps and @apple #iCloud , I do not see #iCloud leading the crowd. Do you agree ?	negative
RT @MikeFerri: If @apple doesn't fix iOS5 this week, I'm buying a droid #emptythreats	negative
Turns out my computer isn't as fixed as it is meant to be. Fuck you @Apple, I'm going back to your Genius Bar to complain. #annoyed	negative
If @apple doesn't fix iOS5 this week, I'm buying a droid #emptythreats	negative
@apple pls launch #Siri on iphone4 .. Disappointed after spending hours for upgrading to iOS5..	negative
@apple you can suck it you and your fucking iPhones better be glad it's all I like cause the service Is fucking terrible	negative
This is the first time I've been unhappy with any @apple product... Disappointed, and the Internet seems as confused as I am right now.	negative
i dont like that itunes doesnt remember that i put my apps in folders. @apple ur dumb, fix it	negative
After a week or so with @Apple's #iOS5 I'm considering going back to #jailbroken 4.2 - same features as 5, plus more. Not as stable, though.	negative
@apple is full of conceited gafs.	negative
I will throw rocks at @Apple if this #iOS5 update is depleting my battery life.	negative
Had issues with #Siri reaching network today. Too many uses or my signal? @apple	negative
The new iOS5 completely failed at upgrading the phone. Now I'm stuck in this restore loop. Thanks @apple for wasting my day. Can i undo?	negative
Is it me or does #iPhone4s run a little warm sometimes? @apple	negative
@apple WTF why can we not add the newsstand to a folder?! We are already in your walled garden, so please don't remind us of it.	negative
@apple just now seeing none of my Microsoft Office programs work anymore after Lion upgrade. Why??	negative
Dear @Apple, I don't want the newsstand icon on my screen. #notcool	negative
@Blackberry does take better quality photos than @Apple iPhone though. I give them that! #photograhersEye	negative
Ok @iTunesMusic idk wth is up but after syncing my phone my album art is out of order! WTF @Apple!	negative
I wish Siri could tweet for me . @apple fix that .	negative
@apple I'm still waiting for you to deliver my phone to @sprint	negative
@apple #Siri is not working!	negative
I will never purchase another @Apple product for the rest of my life. I am glad Steve Jobs is fucking dead. MAY YOU FUCKING ROT IN HELL!!!!!	negative
Thanks to @Apple my new iMac is a brick. I cannot re-install Lion and I cannot purchase it because it was installed by the former owner.	negative
"Asked #Siri &quot;Where's Baby Lisa?&quot; and was told &quot;sorry, I'm having trouble connecting to the network right now.&quot; @apple server fail. #ios5"	negative
I still cannot believe @apple did not fix Folders in iOS5. 12 items per folder? Really?	negative
Only thing #iOS.5 has done is deleted my tiger woods game and made impossible to retrieve. Thanks @Apple!	negative
Damn you @apple for breaking wififofum! It continued to work in ios 4. Was one of my most used apps. Damn Apple's overbearing policies!	negative
@EmilieCarol @apple did u update your phone and pictures got deleted? Me too how do I get them back?	negative
yo, @apple, this update is a disaster	negative
Dear @Apple,Congratulations, I am suing my insurance company and you just managed to make it to the top of my shit list. #Ineedthosepictures	negative
Dear @Apple: You must let me turn off iCloud to save bandwidth and NOT delete EVERY document on my iPad. That's BULLSHIT!	negative
&gt;("	negative
By far the worst experience upgrading out of any version of iOS @apple #iOS5	negative
What happened? RT @xCuntNuggetx: Never purchasing another item from @apple.	negative
Never purchasing another item from @apple.	negative
RT @leiboaz: Wow, worst @apple customer service experience ever. Arrogant and inept. Bad combo, Biltmore Apple store.	negative
Wow, worst @apple customer service experience ever. Arrogant and inept. Bad combo, Biltmore Apple store.	negative
Hey guys at @Apple, WTF is happening to #iPhone4, with #iOS5 suddenly fade to black and begin to vibrate continuously, I had to reboot it	negative
@hbogo @apple - why don't you play nice and let me use HDMI from iPad?  Pretty lame.	negative
Warning: if iphone apps spontaneously loose data, it might not be the app's fault - http://t.co/1SEsvWwm #ios5downgrade @apple @marcoarment	negative
&gt;:-("	negative
â€¦and only the first 23 images in my Photo Roll made it over? Seriously, @apple, how did you fuck this up so much?	negative
@apple i have downloaded new iPhone software but i lost all my contacdetaylarda how Will i get all the info back???	negative
@apple why does #iPhone4 plus #iOS5 equal half the battery life?	negative
@apple why isn't my iTunes updating? I just wanna update my iPhone to IOS5!!! Then iTunes says that it needs to update to do it. Then fails!	negative
Now @apple won't let me use credit on @iTunes unless I have a credit card. Should have told me when I redeemed the cards. Sound fair to you?	negative
@amandbrar @apple Siri has worked for me less than 10% of the time. If service doesn't improve by Monday, I'm returning my iPhone 4S.	negative
@azrael: RT @DavideGori: And again #MobileMe is down. Issues when syncing, accessing mail... is this a good premise for #iCloud? @Apple, ...	negative
need @apple help!! installing new ios on #iphone4 and am stuck on the Find My iPhone screen :( i keep clicking next but it doesn't work	negative
"Bummer that @Apple #iCloud syncs on Windows only w/ Outlook (not Thunderbird) &amp; IE (not Firefox, Chrome). #sadmac"	negative
"@RonakKataria @apple you heard of testing before deploying updates. Difference between microsoft &amp; apple: None"	negative
Disappointing visual merchandising, @apple. Simple, but lacks elegance. And sequence doesn't even tell us about #Siri. http://t.co/XV2q3gfi	negative
has been on terminal hold with @apple support!  She must not be the only person having trouble with the new iphone and synching!	negative
@Apple wasted 20 hours of my time after software wiped out my phone. Now have to work late thru night. AND, I'm w/o a phone at least 4 days!	negative
@apple thanks apple for ios 5 and losing all my contacts!	negative
@apple give me my apps back!!!	negative
"@Apple #iOS5 NONSTOP DROPPED CALLS&amp;MUTE BUTTON RANDOMLY ACTIVATING&amp;PERSON CANT HEAR ME, PULL PHONE FROM EAR TO BE ON A &quot;MOBILE ME&quot; SCREEN"	negative
Wtf!!!!"	negative
@tomcolontonio @apple #EPICFAIL	negative
"I'm salty as shit @apple ! @bestbuy gets the at&amp;t iPhone 4s but not the sprint version. GTFOH how can you (cont) http://t.co/6iGBDmOq"	negative
iOS5 fucking shats! @apple	negative
90 minutes after being at 100% my iPhone 4 (post #ios5 upgrade) has lost 40% of its charge and the @apple store folks are out of ideas.	negative
"So &quot;cutting the cord&quot; makes podcasts even harder to manage?!? No subscriptions! WTH, @Apple? http://t.co/LD2i871x #iOS5 (via @carrypad)"	negative
"remember when people used to say &quot;flat the fuck out!!&quot; lol.. and their face while saying.... kindahow i feel about @apple"	negative
In less than an hour my post- #iOS5 iPhone has gone from 100% to 73% battery charge and the @apple store folks have no solution for me :(	negative
Well @apple seems 2b screwing #iphone 4s resellars. They still dont have 4s. Yet were promised. Similar 2 Ma Bell's monopolistic prctices?	negative
"So &quot;cutting the cord&quot; in #iOS5 makes podcasts even harder to manage? No subscriptions? WTH, @Apple? http://t.co/eTYXkxmb (via @gdgt)"	negative
Also @EricGreenspan, don't forget @Apple stop closing the app store after each bloody purchase...	negative
@apple cu	negative
*sigh* @apple store seems stumped what to do about my catastrophically bad battery life after upgrading to #ios5	negative
Hmmmm a lot of #Siri features don't work in Canada. Location and directions? Seriously @apple come on!	negative
@apple, #siri can't connect to the network -- it's LESS useful that VoiceControl now... :(	negative
Looks like spending countless hours editing 20+ galleries in mobileme galleries was in vain. No gallery migration on #iCloud. Ugh. @apple	negative
@apple took my Siri and made it exclusive to iPhone 4S  #SoRude	negative
total time on the phone with @apple: 1 hour 27 minutes. let's see how this goes.	negative
"Waited in line for nothing, fucking genius @Apple called an app for &quot;John&quot; not &quot;jean&quot; stop fucking up my name im not a French boy. #PCam ..."	negative
Dear @apple, One day you're going to release a version of iTunes that doesn't freeze more often than it works. One day.	negative
It's been 24hrs since I reported @ups theft of my iPhone and @apple has done nothing. No return call as promised. Nothing.	negative
"This does not bode well. After charging all night, my @Apple iPhone 4S has 25% battery after only 3hr off charger with no calls &amp; light use"	negative
Houston we have a problem!! My iPad has been restoring for 12+ hours after installing @apple IOS5. This can't be right....	negative
#Siri went down for a little while last night. Come on @apple! Get your shit together on this launch!	negative
Car is sweet SYNC is #EpicFail"	negative
iOS 5 crashed! Twice today ? @apple	negative
Installed io5 - fine on ipad but wiped wife's iPhone and restore from backup failed! #Bigtrouble #help @apple	negative
"RT @gdcurry: Really @Apple?  What have you done to my iTunes now?  I can't click on Music, Movies, TV Shows, or any playlists. I get a little &quot;no&quot; symbol"	negative
DAMN YOU !!! @apple	negative
There are too many #google services that do not work when you are a #googleapps user. #googleplus above all + profiles + #plusone	negative
Starting to doubt #google android policy: no released android sources since 2.3.3! Curious for an opensource project to say the least...	negative
Youtube video views are still not updating properly. #google #youtube #fail	negative
Did #Google really just highlight a new font #Roboto as part of their #ICS announcement for #Android...?! Seriously.	negative
RT @businessuplift: Why #facebook and #google have got it wrong http://t.co/PDbF7H3f	negative
is mulling #google + but hmmm, just aint shore bout nuther social media profile. http://t.co/tm2pK3lR #webtech	negative
#google+ is really confusing..	negative
is mulling #google+ but hmmm, just aint shore bout nuther social media profile.	negative
ATHEN's review of #Google Docs #accessibility shows a lot of work needs to be done. http://t.co/rad9WdSw #a11y HT @chadleaman	negative
Gonna dump one of my gmail accounts. not only do I get tons of spam I get tons of false positives. Not cool. #Google	negative
The awkward moment when google #chrome take a hell of a lot time to load #googleplus #google	negative
#Google #Cloud Service Blackouts Threaten Cloud Users: During a 30-day period in August and September, for ... http://t.co/G0ElVRVJ #TCN	negative
Why Google+ Has Uphill Battle Vs. Facebook: Sean Parker http://t.co/L8RSX1Yf #google	negative
"RT @LCmediaHouse: 4chan's Chris Poole: #Facebook &amp; #Google Are Doing It Wrong http://t.co/ZIxfa91N | via @RWW #socialmedia"	negative
Lecture Notes in Financial Economics pdf ebook:  http://t.co/7gJQvEwN #google	negative
I hate tron theme #Google #ICS	negative
Now, really #google how hypocritical is this? http://t.co/6nHuYFeh #analytics	negative
Codename or not, awesome or not, I have a hard time taking ANYTHING called 'Ice Cream Sandwich' seriously. #google #android #sticky #melts	negative
RT @IAmDkT: The only letdown of the Samsung Galaxy Nexus phone is the 5.0 MP Camera. #ICS #Samsung #SamsungGalaxyNexus #SGN #Android #Google	negative
Glad I didn't wait for ICS as it apparently isn't going to be open sourced either... #ics #google #android #sucks	negative
#Google introduce new Android tablet called 'Ice Cream Sandwich'? I'm a #Singaporean, and I'm (very) confused.	negative
#ICS introduces Facial recognition to unlock phone, however - the demo didn't go as planned.http://engt.co/q2KeC7 #Google Goof up! #Android	negative
Ice cream sandwich, really #google?	negative
@kursed #Google is terrible at presentations. Hated the terrible camera interference from the huge screen behind the speakers. #headache	negative
just watched the #GalaxyNexus announcement by #Google and #Samsung.. The only thing keeping me from buying? It's only on #Verizon. #FAIL	negative
@MrTonySays I tried to #Google the word #Visigoth and apparently  #Google didn't know either cause my  phone froze.	negative
"RT @SHlFT: dear #google &amp; #samsung... learn some presentation 101 first. please."	negative
The only letdown of the Samsung Galaxy Nexus phone is the 5.0 MP Camera. #ICS #Samsung #SamsungGalaxyNexus #SGN #Android #Google	negative
#Google, I've blocked your global IP network from all my sites. J/K.  Stop being evil.	negative
BOO to no GoogleMusic news, US carrier news, or price points. #google #ICS #android	negative
"From it's laughable file: #google will #encrypt #search results BUT only if U have &quot;logged in&quot; so they can maximize their #data #collection!"	negative
@adiman_ #google #fail	negative
"+1 RT @SHlFT: dear #google &amp; #samsung... learn some presentation 101 first. please."	negative
"dear #google &amp; #samsung... learn some presentation 101 first. please."	negative
+1 RT @tah_med: the background is SO horrible for this stream #Samsung #Google #NexusPrime they should've seen what #Adobe did at #AdobeMAX	negative
WHERE THE HECK IS THE @ANDROID SOURCE CODE ?? WTF #GOOGLE	negative
Not greatly impressed with #Google and #Samsung presentation skills.	negative
#google #Nexus http://t.co/CSAeFRHc"	negative
good job, #google.  did anyone get when any of this shit is actually shipping? #infofail	negative
We need dates! #google #samsung #launchfail	negative
Also, the #Google problem. @chucktodd: Problem for Santorum's electability argument: the double-digit loss in 2006	negative
They need to talk about the battery life impact of #AndroidBeam. It can't be good news. #Google #Android #ICS	negative
another android demo #fail! #google	negative
Too bad #google didn't have a tribute graphic for #DennisRitchie.	negative
Presentation fail. #Google #Samsung	negative
The #Google guys are illustrating the perils of a live demonstration admirably. #GalaxyNexus #ICS #Android	negative
Android Crashing: 1, Google 'Quick Response' Feature: 0 #Google #ICS #Android #QuickResponse	negative
Why is #Google advertising Adwords Express on #Bing? Hmmm, I know Ballmer is happy :-D. #Google, your already a monopoly.	negative
#Google People app...the next revolution in stalking.	negative
first thing on #google's to do list: hire a performance coach.	negative
#Samsung, #Google Unveil Phone http://t.co/hOB37hbO	negative
#google #galaxy #nexus, I DO NOT WANT A PHONE PLEASE TALK ABOUT OTHER FEATURES NOW THE CAMERA IS ONLY ONE PART!	negative
is #google honestly bragging about a new font for their #android devices? #seriously	negative
Why is #Google whoring for SAMSUNG? #ICS	negative
If #Google don't fix pinch-zoom on #Android 2.3.6 soon, I might have to leave the fold and go #CyanogenMod	negative
facial recognition failed #IceCreamSandwich jajajajajajaj #FacialUnlock #samsumg #Google	negative
Ouch, crash and burn. #Android facial recognition in #IceCreamSandwich didn't work during the presentation. http://t.co/6vsasZyT #Google	negative
Google is gonna need to do better than this to beat #iOS #Android #icecreamsandwich #Google http://t.co/tBNyX7p7	negative
RT @RoycinD: Face Unlock ! #ICS Literally knows your face! #Google #galaxynexus FAILED !	negative
#fail on the face recognition not working #google #samsung	negative
The face recognition unlock would be cool if it works. #android #google #icecreamsandwich	negative
ICS #android is going to kill both Mango #wmp #microsoft and #rimm.  it already killed webOS and Nokia OS...	negative
Only people with names beginning with 'A' are getting mail this week (a la #Microsoft)	negative
#Microsoft #Outlook #2011 for #Mac #sucksâ€¦ #hate	negative
#Microsoft freezes some #Xbox accounts after hack reports - http://t.co/w051BfS0  via @CanadaIT	negative
#Update #Microsoft MS11-078 - Critical : Vulnerability in .NET Framework and Microsoft Silverlight Could Allow R... http://t.co/izO0WUNt	negative
#Microsoft #Windows Media Centre GUI #Fail #MajorFail	negative
How #Apple eclipsed #Microsoft. http://t.co/WU9bFI1h	negative
MS Word Starter wants to upgrade my .doc to a .docx.  MS Word Starter won't let me open .docx. #microsoft, you really suck.	negative
@theresamarosy haha k, thought everybody knew #Microsoft sucks.	negative
@theresamarosy bc #IE , like everything #Microsoft makes is junk and super prone to crashing.	negative
"When #Microsoft &quot;violated U.S. antitrust laws&quot;â€”leaving #Netscape out of business &amp; #Novell woundedâ€”it played &quot;dumb&quot;. http://t.co/0WHHmAK4"	negative
#Microsoft Lync crash issue on #Mac OS X 10.7.2 [Fixed] - http://t.co/YZhCdgFP	negative
#Microsoft Lync crash issue on #Mac OS X 10.7.2 [Fixed] - http://t.co/rzucFejc	negative
#Microsoft Lync crash issue on #Mac OS X 10.7.2 [Fixed] - http://t.co/Gjiu2zz1	negative
"RT @schestowitz: When #Microsoft broke the law it played &quot;victim&quot;. Now it engages in racketeering, calls victims &quot;outlaws&quot; (&quot;respect our IP&quot;)."	negative
#Nokia workers ask, is chief executive a #Microsoft mole? http://t.co/lWJP9GiU	negative
RT @idtheftprotect: #Microsoft has frozen some #Xbox Live (XBL) accounts after online gamers report they have been hacked. http://t.co/MdQhb6x3	negative
I gave a try to Windows 8 Dev. Preview and it was good but the UI is way too messy right now, waiting for the Beta #microsoft #windows8	negative
Six PowerPoint Nightmares (and How to Fix Them) http://t.co/JsQ96NuQ #powerpoint #microsoft #presentations	negative
How #Apple eclipsed #Microsoft http://t.co/1fH0dFGj from @guardian	negative
This is kind of really creepy: Use your search engine the same way as @MileyCyrus would http://t.co/a050TG4L . . . #Microsoft	negative
Great time to be a family? #Microsoft #advertising enrages me. Again. http://t.co/pYT7vKRP	negative
With #Windows 8, #Microsoft can't forget past antitrust issues http://t.co/z4jWLQVu	negative
"#Microsoft is currently paying to produce #swpats propaganda to lobby politicians with -- to make racketeering seem &quot;acceptable&quot;"	negative
There is nothing like sitting in the workshop all day talking to #microsoft and having to talk to them again tomorrow + waiting for parts.	negative
RT @InformationWeek: Reader 'Tronman' compares #SteveBallmer to an albatross around #Microsoft's neck.  Do you agree?  Join the discu...	negative
"When #Microsoft broke the law it played &quot;victim&quot;. Now it engages in racketeering, calls victims &quot;outlaws&quot; (&quot;respect our IP&quot;)."	negative
I would be a lot happier if #Microsoft Word didn't freeze every 5 minutes.	negative
"@Anas_Monaffal LOL , i do both .. and for sure #Microsoft #DotNet is perfect, simple o ay 7aja ;) .. but sorry I HATE WINDOWS PHONES :P"	negative
#Microsoft took 6 months to recruit Everson and 9 months to lose her to #Faceboook via Adweek http://t.co/l5mTm6Ig	negative
Comp crash #Microsoft :/ Wouldn't get this with an iMac -__-	negative
Reader 'Tronman' compares #SteveBallmer to an albatross around #Microsoft's neck.  Do you agree?  Join the discussion! http://t.co/Mn39R2vc	negative
Reader 'Tronman' compares #SteveBallmer to an albatross around #Microsoft's neck.  Do you agree?  Join the discussion! http://t.co/2iJK0VB3	negative
Reader 'Tronman' compares #SteveBallmer to an albatross around #Microsoft's neck.  Do you agree?  Join the discussion! http://t.co/DFFkvnSJ	negative
#WindowsPhone7 would get a lot more blog and review love if #Microsoft provided a tool to grab screenshots. It's nearly impossible #wpt	negative
RT @Saptha: When u dine with a customer u shoukd never explain abt solutions unless he ask , M$ never lean the concept #microsoft #fail	negative
I hate #Microsoft PowerPoint!	negative
Is #Microsoft just another evil corporation? Beware when it comes to buying a #Windows8 PC http://t.co/QbgXXJMm	negative
#skype is now part of stupid #microsoft it seems	negative
#Skype is underwhelming: I use skype. It was recently bought by #Microsoft for  $8.5 billion. As such it has a v... http://t.co/Xli2bR42	negative
Apple + Microsoft...The Difference: How #Apple Eclipsed #Microsoft @PSFK: http://t.co/Rmi8oSMi #brand #brands #marketing #innovation	negative
#Microsoft knows how to kick off an opening, but I don't quite see the #edge for Windows Phone or their tablets #iSorry http://t.co/9XDdXN1w	negative
RT @amarsanghera The fact that #Microsoft are using a #QRCode alongside one of their colour code shows the format is failing, opinionsâ€¦	negative
If #Apple came out with gaming console (ala Xbox 360) that blew the current players out of water, #Microsoft and #Sony would be in trouble	negative
The fact that #Microsoft are using a #QRCode alongside one of their colour code shows the format is failing, opinions? http://t.co/BlhHGOpo	negative
If #Microsoft had more interoperability between their products (Xbox 360, Windows 7, Windows Phone 7, Zune) I'd be a Windows Phone user.	negative
"#Microsoft - We put the &quot;backwards&quot; into backwards compatibility. #instantfollowback"	negative
Stephen Elop accused of destroying Nokia so Microsoft can buy it cheap."	negative
#Microsoft #Dynamics #NAV is a cesspit. Extreme consultingware. To be avoided...	negative
Wow. Lots of negative comments about #windows8 on the @BuildWindows8 blog. I sure hope #Microsoft is listening #keepthedesktop	negative
When u dine with a customer u shoukd never explain abt solutions unless he ask , M$ never lean the concept #microsoft #fail	negative
Distrust and angst amongst #Nokia employees against #Selop #Microsoft fixation. http://t.co/jkOTcrMb	negative
I am quickly falling in love with #Apple #iCloud. Finally a web-based solution to wave my old #Microsoft Outlook bye-bye	negative
"&quot;Yeh behatreen samay hay parivar honeka&quot; says the #microsoft #ad in hindi. Preaching family values to indians? Get a local ad agency guys"	negative
#BOFH excuse #447: According to #Microsoft, it's by design | #IFollowBack #Instantly	negative
I sware to go, #windows and #microsoft will be the death of me...I don't know why I keep giving windows (cont) http://t.co/3rkOchzr	negative
RT @EA_Jorge: I'm on day 80-something of my Xbox LIVE acct being hacked. This is worse than PSN hack. Will I ever get it back? #Microsoft #Xbox #Fail	negative
"Thanks again #microsoft for wasting more of my time. Apple&gt;windows http://t.co/GNy9G07B"	negative
Dear #Microsoft, I should only have to hit the Windows update button *once* when manually running updates, not 4 or 5 times. #sysadmin	negative
Totally unproductive day with no access to #Microsoft Excel or Word, aaargh! Will be working late tonight after hubby fixes. #fingerscrossed	negative
RT @ManelFMartinez: How #Apple eclipsed #Microsoft http://t.co/IJ6XyDp3  #sun rise #in via @guardian	negative
How #Apple eclipsed #Microsoft http://t.co/IJ6XyDp3  #sun rise #in via @guardian	negative
I don't understand y @Google mail can work seamlessly in all browsers in all platforms and #Microsoft Exchg sucks n says you need IE6.	negative
#Microsoft has frozen some #Xbox Live (XBL) accounts after online gamers report they have been hacked. http://t.co/MdQhb6x3	negative
@nicholi57 @yuvalz @MobileBurn lets's wait and see if it interests ppl, #MeeGo does... No one likes #Microsoft, we are just forced fed WPs	negative
I'm on day 80-something of my Xbox LIVE acct being hacked. This is worse than PSN hack. Will I ever get it back? #Microsoft #Xbox #Fail	negative
Interesting read - How #Apple eclipsed #Microsoft http://t.co/hFWpbMY6 via @guardian (cc: @elcheicon)	negative
So let me get this straight, #microsoft makes windows phone, microsoft owns skype but there's no #skype app for windows phone.	negative
#microsoft update is so slow  :(( http://t.co/37IGhGic	negative
Fuck #microsoft i love them to death but that red ring and no free xboxlive is killing me. #Sony all day :-\\	negative
Fixing a pc that thinks it is 1601. I thought #Microsoft had the Y1.6K issue fixed already. #Techsupport	negative
"http://t.co/PUJYV9c0 With friends like #Billgates and #steveballmet at #microsoft, who needs enemies ;-)"	negative
#Microsoft 's latest offering leaves me praying for the Blue Screen of Death. http://t.co/gTqdvfxo #advertising #OhNoNotAgain	negative
I did the best of everyone who failed - Bill Gate #Microsoft	negative
Which planet is he living on? #Microsoft #CEO #Fail #palmface http://t.co/3zcq60SF	negative
I've seen a couple of iPhone 4S's already, but still no Windows Phone 7's ... ever! #Microsoft not so hot.	negative
#Microsoft licensing process is annoying !!!	negative
It baffles me that Steve Ballmer can be a CEO of a company, let alone a giant like #Microsoft - The guys a moron.	negative
#Microsoft arrogance again - Ballmer says you need to be a computer scientist to use #Android http://t.co/6PHh3Jb6	negative
#Microsoft arrogance again - Ballmer says you need to be a computer scientist to use #Android http://t.co/pltitgeI	negative
more like obituaries #microsoft"	negative
why do i have to be certified for #microsoft?! dumb	negative
#Nokia co-operation with #Microsoft listed as the 4th riskiest business move of the year: http://t.co/IYo86gVj	negative
[WebProNews Finance] #Yahoo Revenue Drop Attributed to #Microsoft Deal http://t.co/EOrOSstX	negative
"#microsoft still didn't managed access to #metro apps on &quot;older&quot; netbooks. #win8 #resolution"	negative
#Yahoo Revenue Drop Attributed to #Microsoft Deal http://t.co/yRcKQeIs	negative
[WebProNews Finance] #Yahoo Revenue Drop Attributed to #Microsoft Deal http://t.co/ItdkLRry	negative
Nokia employees still worried that Elop is a Microsoft mole http://t.co/n4Cpu3vj #microsoft #windows	negative
I so wish that #SteveBallmer from #Microsoft would have to swallow his words about #Yahoo: http://t.co/XSJGIfop	negative
just upgraded to win 8 on my pc only for it to tell me it failed to install and they dont know what happened thats #microsoft for you!	negative
Really hate the #Microsoft #mcp site	negative
Screened by RepRisk â€“ #Microsoft will undergo trial for its alleged anti-competitive practices @Microsoft	negative
I have concluded, having used it since March, that Windows 7 Ultimate is a complete catastrophe. Mr Gates, you have lost the plot #Microsoft	negative
How #Apple eclipsed #Microsoft http://t.co/dL9CRCZy	negative
#microsoft #wtf #UEFI http://t.co/p4XcYl2x	negative
Oh how much do I loathe #microsoft??? An hour to 'configure updates' which it is then unable to do so another 20 mins 'reverting changes'...	negative
RT @Energisch_: http://t.co/zBLtZ5MW German Federal #Trojan's got a BigBrother. #Gov spying on its people, #Microsoft's 32bit/64bit #Windows is target	negative
Ever since the Mango update, my phone is chewing through its battery like nobody's business... Coincidence or real issue? #WP7 #Microsoft	negative
http://t.co/zBLtZ5MW German Federal #Trojan's got a BigBrother. #Gov spying on its people, #Microsoft's 32bit/64bit #Windows is target	negative
#Microsoft, #Adobe lose $13.5bn to piracy: Report http://t.co/x4yWfNSV	negative
#Microsoft, #Adobe lose $13.5bn to piracy: Report http://t.co/wXBC1UUw	negative
System.IO.File.Delete - You lie! You didn't delete my file, and you didn't throw an exception. WTF!? #microsoft #net	negative
Wilth #Accessibility mode on in #SharePoint 2010, it seems that #Workflows sometimes do not start automatically #SP2010 #Workflow #Microsoft	negative
Internet Explorer 9 is the biggest pile of shit ever seriously #Microsoft #IE9	negative
I have been seriously slacking with my #mandarin studies these past few months. Blame #Microsoft and #Cisco!! #StudyingWhilstMotivated	negative
sledgehammer maybe! RT @SkandalasGP Office blues *drink?* RT @wuppy: #microsoft fail #notresponding for fcucks sake  http://t.co/lCXa9q8P	negative
#skype is ruining the friendship with your aggressive #microsoft type selling. If i need something i'll ask. Thank you...	negative
Office blues *drink?* RT @wuppy: #microsoft fail #notresponding for fcucks sake  http://t.co/VtYbqI91	negative
"@joannejacobs I'd like to criticise #Microsoft's Steve Ballmer face-to-face for all the pain &amp; suffering their products cause. #justsaying"	negative
#microsoft fail #notresponding for fcucks sake  http://t.co/lCXa9q8P	negative
How #apple eclipsed #microsoft http://t.co/4bWXJaDg by @charlesarthur #business @guardian	negative
"RT @guardiantech: How #Apple eclipsed #Microsoft http://t.co/GK6YjTFY &lt;- Microsoft's future is in the corporate world, not consumer"	negative
"â™» @waynp:  Not the MS hate bit tho. &lt; Waddya mean? #microsoft sucks bonobo monkeys' asses... #Linux roolz. For the extremists, there's #BSD"	negative
#Microsoft, #Adobe lose $13.5bn to piracy: Report - The Times of India http://t.co/5IbOBNrH	negative
#Skype often crashing: #microsoft, what are you doing?	negative
#Microsoft's #SteveBallmer attacks #Android phones ..... well #windows7mobile is gay, you metro! http://t.co/sQnE1iLb via @Telegraph	negative
â™» @mariospr: Stand up for your freedom to install free software. Please sign up! http://t.co/YOOTfKTM #gnu #against #microsoft	negative
#Microsoft just bought #Skype officially. So how's the future of #Skype on any other devices/operating systems? :(	negative
#Google go went gone..server issues! first time since ages...now my faith in Tech. from #RIM to #Microsoft has been completely lifted	negative
"RT @sander_koers: #Google Apps vs. #Microsoft #Office 365: &quot;it is clear that Google Apps should be the top choice&quot; http://t.co/OySZmjVi #in"	negative
Ouch!!! #Microsoft #Azure #fail http://t.co/LJpGVZJT	negative
"#Google Apps vs. #Microsoft #Office 365: &quot;it is clear that Google Apps should be the top choice&quot; http://t.co/KDTD4zRe"	negative
#microsoft #SBS 2011 disabling third party software #updates via #gpo	negative
How #Apple eclipsed #Microsoft http://t.co/KxboqsKj	negative
Unmindful Ballmer, collects half a billion, doesn't say thank you.  http://t.co/lwtpXejo #android #google #microsoft	negative
#Apple eclipsed #Microsoft http://t.co/wEdPbcPx	negative
http://t.co/5oK4XcOw Microsoft !! i hate you again !! #microsoft	negative
Open Letter: Steve Ballmer, Please Retire - Forbes - Please retweet! #MSFT needs a techie leader. http://t.co/E8uMRmro #microsoft #ballmer	negative
@MatthewGPhy One Operating System to rule them all and in the darkness bind them.  #Microsoft	negative
#fml"	negative
RT @anup_pillai: How #Apple eclipsed #Microsoft | http://t.co/r6hNEtTu	negative
After I don't know how many years, you still can't copy a #microsoft #word document headings to #powerpoint. #justsaying	negative
After I don't know how many years, you still can't copy a #microsoft #word document titles to #powerpoint. #justsaying	negative
http://t.co/vJ2JpKtM http://t.co/02dYONXz"	negative
Installing .NET framework, this might take very many years. Come back when your unborn child is in college. #microsoft	negative
"Watching podcast of Steve Jobs &amp; Bill Gates at 07 D5. Gates sucks at tech predictions! All talk #Apple #Microsoft"	negative
My#Dell comp on shitty #Microsoft vista blue screened i swear this is steve jobs ghost coming back to finish what he started#appledomination	negative
#WTF #Microsoft #sbs2008 #rww only works in #IE. #browserwars	negative
#Twitter y #Facebook OFF	negative
#Twitter are you freaking kidding me #wth... http://t.co/zKn2bu5R	negative
Not really.. I rather study my notes than studying #twitter..	negative
RT @mainey_maine: RT @ItalianJoya i better be able to see my RT's tomorrow #twitter and tell that lil blue ass bird, (cont) http://t.co/xGHoev8k	negative
Just hit my hourly usage limit on #twitter. How does that even happen? All I'm doing is listing people...and I was almost done! #ugh	negative
"RT @FuckingShinez: #Twitter = #Dead &quot;this is why im never on it now&quot;"	negative
I hate #twitter right now..	negative
I'm not getting all of my @ replies #twitter if it wasn't for my emails telling me that some1 replied to me I wouldn't even know it #nobueno	negative
Wtf is a tweet , sounds like tha dam cartoon network #tweeted #tweeter #twitter #twitterer	negative
#TWITTER SUCKS FOR HAVING A #FOLLOW LIMIT =\\	negative
@ZackSiezmagraff A few people are reporting #twitter retweets not working. Probably a technical problem.	negative
So my mentions don't work? And my TL don't be wanting to update. Is #twitter moving servers or doing maintenance?	negative
Well... @Paging_Dr_A has gotten back on #twitter.. there goes my TL lol	negative
Anyone in #twitter land know if retweets are broken? Haven't seen any since Tuesday.	negative
RT @ItalianJoya i better be able to see my RT's tomorrow #twitter and tell that lil blue ass bird, (cont) http://t.co/xGHoev8k	negative
RT @ItalianJoya: i better be able to see my RT's tomorrow #twitter and tell that lil blue ass bird, and fat ass over capacity whale to!	negative
#Twitter has downtime for most for over 30 minutes	negative
#twitter buggin with this you already tweeted that bullshit .. no tf i didn't!!	negative
#Twitter ain't showing my current mentions or my tweets retweeted #Ughh	negative
i better be able to see my RT's tomorrow #twitter and tell that lil blue ass bird, and fat ass over capacity whale to!	negative
#Twitter, will you please fix this RT problem?	negative
"#Twitter = #Dead &quot;this is why im never on it now&quot;"	negative
Im gonna need #Twitter to get all these problems fixed ASAP.	negative
#Twitter'sMalfunctioningAgain	negative
"#Twitter is blowing me ; I can't see my retweets ;("	negative
Man #Twitter Is Gettin #BORING	negative
#twitter app also doesn't show me the conversation when I touch a tweet.	negative
Anyone else having trouble with the (i)Pad #twitter app not updating @'s? I get notified but can't see them in the app.	negative
@Licia0321 Damn what the hell, I think my #Twitter might need a damn #Exorcist!!	negative
#Twitter got me all messed up everytime i compose a text msg i get stressed I only have 140 caracteres! all dis networkin is gettin confusin	negative
@8Sunni Yeah shit happens, #Twitter is a real whore sometimes!	negative
#twitter is lame tonight.	negative
#Twitter is Fawkin up!!!	negative
â€œ@FucknWithFatty: #Twitter needs to get their shit together cause they fucking up! I'm not getting my RT's or mentions. -______________-â€	negative
#twitter show my fuckin retweets bitch	negative
RT @FucknWithFatty: #Twitter needs to get their shit together cause they fucking up! I'm not getting my RT's or mentions. -______________-	negative
#twitter is sooo trash ritenow with all dezz #highscoolmemories -__-	negative
WHY DFF IS #TWITTER STILL LAGGIN ON SHOWIN WHO RETWEETS UR SHITT	negative
People should be more interesting on #facebook and #twitter at midnight. I'm getting bored.	negative
"Tried explaining #Twitter to my mom, but her &quot;why would you want to do that?&quot; argument was pretty bulletproof. #igiveup"	negative
#twitter is a fad. Was addicted now I don't rly care.	negative
#Twitter needs to get their shit together cause they fucking up! I'm not getting my RT's or mentions. -______________-	negative
RT @mixedchik22: #Twitter.... Side Affects include: Procrastination, No Sleep, Unable to Focus on ANYTHING, Subtweeting, RT, TT, and Low Batteries	negative
Okay #Twitter, it'd be muchhh appreciated if you could start working on my computer soon.	negative
#Twitter.... Side Affects include: Procrastination, No Sleep, Unable to Focus on ANYTHING, Subtweeting, RT, TT, and Low Batteries	negative
RT @nagoul1: #Retweets section of my #twitter account has not been working for 17 hours! Is Everyone else having this problem? #RT #RTs	negative
#Retweets section of my #twitter account has not been working for 17 hours! Is Everyone else having this problem? #RT #RTs	negative
for some reason #twitter isnt allowing me to see my tweets that got retweeted.	negative
Good lord #twitter send my bloody tweets! #ihateyourightnow	negative
I feel all alone on #twitter. #itstolate	negative
So im about to make another #twitter account since this one fucked up	negative
My DM's Come in So Fucking Late, Damn #Twitter	negative
Yep it's official, my tweets that get RT'd aren't showing me when they get RT'd. Dammit #Twitter, sometimes it's #Love/Hate thing we have!!	negative
@MsTapoutBarbie Yep figured my shit is jacked. Dammit #Twitter!!	negative
dear @twitter / #twitter FIX YOUR SHIT. we cant see our retweets or mentions!	negative
#Twitter got DEAD as fuck all of a sudden!!!	negative
I HATE #TWITTER	negative
#twitter is the last time I do this social networking thing	negative
My #Twitter acting funnyyyyyyy....	negative
The first thing I do when I get home is either get on #facebook or #twitter. What is wrong with me?	negative
still not quite sure how to use this/what the point of it is... #twitter? #idontunderstand	negative
#twitter why must you be so difficult?	negative
Thank you #twitter for not giving me the 10 tweets that have been tweeted at me in the past 3 days! Lol #blameitontheiphone #ineedtoupdate	negative
#Twitter is messed up followers keep switching to same numbers -___- #FIXIT!	negative
I need to get off #twitter	negative
RT @Prettynesz: #twitter still not showin my mothafuckin #retweets . .	negative
Why can't I see my RTs? WTF #Twitter?	negative
#Twitter timeline and mentions up the shit :(	negative
"RT @OhhhCoop: @KushKitty420 you, #Facebook #twitter and the #tv are all #distractions whenever I wanna study ;("	negative
So much garbage. #Twitter	negative
Who the hell uses #twitter on a tv man. #panasonic #epicfail.	negative
#twitter still not showin my mothafuckin #retweets . .	negative
#stupid fucking #Twitter #Twitterapp give me my Damn #mentions NOOWWWWWW!!!!! UGH! #DRAWLIN AS ALWAYS #TMW #PROMOALLDAY #FOLLOWLIMITISGAY TO	negative
RT @JolieeSharmeda #twitter be fucking up	negative
"@KushKitty420 you, #Facebook #twitter and the #tv are all #distractions whenever I wanna study ;("	negative
"RT @VanillaLatte_xD: #omfg .. #Twitter , Why fxck up ? I wanna see my Retweets &quot;/"	negative
RT @nicolebanyots: #twitter UH, SHOW ME MY RETWEETS, OR ILL GO BACK TO FACEBOOK. K? K.	negative
My mentions aren't showing properly ... PAY ATTENTION #TWITTER	negative
